sales_id,id,lastSalePrice,lastSaleDate
0,"11940-County-Rd,-230,-Somerville,-TX-77879",,
1,"5207-Fleet-Ave,-Apt-2,-Cleveland,-OH-44105",,
2,"17425-Tyler-St-NE,-Ham-Lake,-MN-55304",,
3,"6551-Annie-Oakley-Dr,-Apt-426,-Henderson,-NV-89014",,
4,"3924-Plumosa-Dr,-Saint-James-City,-FL-33956",,
5,"9400-Fredericksburg-Rd,-Apt-2802,-San-Antonio,-TX-78240",,
6,"5798-Lake-Cyrus-Blvd,-Hoover,-AL-35244",401600.0,2001-08-01T00:00:00.000Z
7,"321-Walnut-St,-Madison,-WI-53726",,
8,"4649-S-Hills-Dr,-Folsom,-CA-95630",,
9,"2375-Westwood-Blvd,-Los-Angeles,-CA-90064",,
10,"2329-Dawson-Forest-Rd-E,-Dawsonville,-GA-30534",,
11,"PO-Box-1453,-Groves,-TX-77619",,
12,"370-Hanover-Arms-Ct,-Winston-Salem,-NC-27104",129000.0,2019-01-18T00:00:00.000Z
13,"5901-W-Behrend-Dr,-Apt-1132,-Glendale,-AZ-85308",,
14,"4833-Sines-Ln,-Port-Charlotte,-FL-33981",29000.0,2004-03-18T00:00:00.000Z
15,"4140-Benton-St,-Denver,-CO-80212",525000.0,2019-12-04T00:00:00.000Z
16,"2413-Rocky-Ridge-Rd,-Vestavia,-AL-35243",139900.0,2017-08-17T00:00:00.000Z
17,"5953-Triple-Crown-Dr,-Medina,-OH-44256",248716.0,2005-03-31T00:00:00.000Z
18,"8204-Rambling-Rose-Ln,-Laurel,-MD-20724",278188.0,1997-09-11T00:00:00.000Z
19,"53960-Lawson-Creek-Dr,-Shelby-Township,-MI-48316",,
20,"1154-N-Sycamore-Ave,-Apt-4,-Los-Angeles,-CA-90038",475000.0,2005-03-18T00:00:00.000Z
21,"2930-Brougham-Ave,-Jacksonville,-FL-32246",15000.0,2003-04-22T00:00:00.000Z
22,"3630-Muirfield-Dr,-Titusville,-FL-32780",135000.0,2016-12-09T00:00:00.000Z
23,"2100-St-Thomas-St,-Unit-207,-New-Orleans,-LA-70130",,
24,"12154-Marilla-Dr,-Saratoga,-CA-95070",,
25,"155-E-Rodeo-Rd,-Lot-66,-Casa-Grande,-AZ-85122",,
26,"2347-Walden-Dr,-Augusta,-GA-30904",,
27,"154-Market-St,-Portsmouth,-NH-03801",,
28,"3235-W-Woodlawn-Ave,-San-Antonio,-TX-78228",,2023-10-12T00:00:00.000Z
29,"1147-Rosewood-Ln,-Ste-3,-Layton,-UT-84041",,
30,"1882-Dillingham-Dr,-Allegan,-MI-49010",185000.0,2007-07-24T00:00:00.000Z
31,"5900-Essex-Rd,-Oak-Forest,-IL-60452",205000.0,2004-12-07T00:00:00.000Z
32,"1722-7th-Ave-N---B,-Nashville,-TN-37208",575000.0,2021-01-29T00:00:00.000Z
33,"4658-Midway-St,-Saginaw,-MI-48638",113900.0,2008-04-09T00:00:00.000Z
34,"2055-Allen-Dr,-Apt-103,-Annapolis,-MD-21401",,
35,"1209-N-9th-St,-Salina,-KS-67401",,
36,"710-Concho-Pl,-College-Station,-TX-77840",,
37,"729-W-Randolph-St,-Chicago,-IL-60661",,
38,"23-W-Chicago-Ave,-Apt-603,-Chicago,-IL-60654",,
39,"108-Willard-Ave,-Farmingdale,-NY-11735",307000.0,2011-02-09T00:00:00.000Z
40,"Oak-Ridge-Dr,-Lot-1,-Shell-Knob,-MO-65747",,
41,"1672-Se-Hickory-Way,-Gresham,-OR-97080",,
42,"11724-Decade-Ct,-Reston,-VA-20191",409000.0,2016-08-31T00:00:00.000Z
43,"130-Randomwood-Way,-Alpharetta,-GA-30022",442000.0,2021-12-20T00:00:00.000Z
44,"56-Dogwood-Drive-Cir,-Ocala,-FL-34472",173000.0,2021-09-16T00:00:00.000Z
45,"109-Blue-Ridge-Dr,-Pickens,-SC-29671",,
46,"300-E-9th-St,-Apt-203,-Dallas,-TX-75203",,
47,"171-Quail-Ridge-Rd,-Selah,-WA-98942",,
48,"261-Sparrow-Ln,-Unit-19,-Lexington,-NC-27295",,
49,"278-Carrollton-St,-Bremen,-GA-30110",,
50,"3225-Randy-Rd,-Joliet,-IL-60431",305000.0,2014-02-07T00:00:00.000Z
51,"1310-Decatur-St,-Pittsburgh,-PA-15233",,
52,"802-Beaufort-St,-Laramie,-WY-82072",,
53,"1469-Beacon-St,-Apt-6,-Brookline,-MA-02446",,
54,"2217-S-Genesee-Ave,-Apt-6,-Los-Angeles,-CA-90016",,
55,"11468-Johannsen-Rd,-Ketchikan,-AK-99901",,
56,"1280-San-Tomas-Aqn-Rd,-Apt-113,-San-Jose,-CA-95117",,
57,"9944-Walnut-St,-Apt-2034,-Dallas,-TX-75243",,
58,"237-Holly-Berry-Dr,-Frankfort,-KY-40601",102900.0,2018-10-11T00:00:00.000Z
59,"568-N-Chancery-St,-Mcminnville,-TN-37110",225000.0,2010-06-24T00:00:00.000Z
60,"38-Sylvia-Ln,-Plainview,-NY-11803",,
61,"4816-Bratcher-St,-Fort-Worth,-TX-76119",,2019-06-28T00:00:00.000Z
62,"168-Heritage-Hill-Rd,-New-Canaan,-CT-06840",,
63,"PO-Box-607,-Dauphin-Island,-AL-36528",,
64,"137-N-1050-W,-Cedar-City,-UT-84720",,2023-04-27T00:00:00.000Z
65,"5209-Denver-Dr,-Galveston,-TX-77551",,2011-02-11T00:00:00.000Z
66,"9125-Wildwood-Dr,-Highland,-IN-46322",,2003-06-18T00:00:00.000Z
67,"1112-Spencer-St,-Allen,-TX-75013",,2018-06-25T00:00:00.000Z
68,"2560-Superior-St,-Opa-Locka,-FL-33054",,
69,"18023-Hillgrove-Ave,-Cleveland,-OH-44119",,
70,"938-E-8th-St,-Jeffersonville,-IN-47130",187500.0,2022-03-08T00:00:00.000Z
71,"114-Windstone-Blvd,-Powell,-TN-37849",239900.0,2004-06-18T00:00:00.000Z
72,"2200-Bronson-St,-Fort-Collins,-CO-80526",300000.0,2010-05-11T00:00:00.000Z
73,"20-Beechwood-Ave,-York,-ME-03909",1049000.0,2021-10-01T00:00:00.000Z
74,"9708-Sw-Arikara-Dr,-Tualatin,-OR-97062",363000.0,2015-08-19T00:00:00.000Z
75,"11903-Sw-31st-Rd,-Gainesville,-FL-32608",,
76,"5420-River-Oaks-Blvd,-River-Oaks,-TX-76114",,2012-08-16T00:00:00.000Z
77,"1455-W-Ina-Rd,-Tucson,-AZ-85704",,
78,"546-D-St,-Blaine,-WA-98230",,
79,"12921-S-Tortoise-Ln,-Riverton,-UT-84096",,2022-02-25T00:00:00.000Z
80,"14654-S-Bloom-Dr,-Unit-302,-Herriman,-UT-84096",,2022-11-08T00:00:00.000Z
81,"2906-Medina-Dr,-Jonesboro,-GA-30236",74600.0,1989-05-05T00:00:00.000Z
82,"63-Macdougal-St,-Brooklyn,-NY-11233",390000.0,2013-05-02T00:00:00.000Z
83,"455-W-Sunset-Dr,-Talladega,-AL-35160",,
84,"501-Peachtree-Club-Dr,-Peachtree-City,-GA-30269",100000.0,2003-10-02T00:00:00.000Z
85,"1109-Twin-Leaf-Ter,-Webster,-NY-14580",154604.0,2002-12-13T00:00:00.000Z
86,"400A-Larkin-Ct,-Warrensburg,-MO-64093",,
87,"8-Colonial-Dr,-Lexington,-NC-27292",148000.0,2020-09-02T00:00:00.000Z
88,"752-Guna-Dr,-New-Braunfels,-TX-78130",,2012-08-28T00:00:00.000Z
89,"8405-Briarwood-Ln,-Austin,-TX-78757",,2023-05-02T00:00:00.000Z
90,"2517-S-Johnson-St,-New-Orleans,-LA-70125",60000.0,2010-09-21T00:00:00.000Z
91,"2215-Opal-Field-Ln,-Richmond,-TX-77469",,
92,"244-Apollo-Dr,-Bumpus-Mills,-TN-37028",,
93,"1415-E-Wilt-St,-Philadelphia,-PA-19125",,
94,"2538-W-Division-St,-Chicago,-IL-60622",580000.0,2023-04-14T00:00:00.000Z
95,"4613-N-Bain-Ave,-Fresno,-CA-93722",229500.0,2004-10-13T00:00:00.000Z
96,"Park-Part-8-Pl,-Lot-40,-Tiffin,-IA-52340",,
97,"3414-Denver-St,-Memphis,-TN-38127",58000.0,2010-12-15T00:00:00.000Z
98,"28-Andrew-Dr,-Manahawkin,-NJ-08050",,
99,"1137-Odenton-Rd,-Odenton,-MD-21113",382000.0,2019-11-12T00:00:00.000Z
100,"250-Kensington-Rd,-Apt-31,-Berlin,-CT-06037",,
101,"1045-Delaware-Dr,-Carrollton,-TX-75010",,2018-02-13T00:00:00.000Z
102,"9504-Amberleigh-Ln,-Unit-R,-Perry-Hall,-MD-21128",335000.0,2022-10-05T00:00:00.000Z
103,"8504-Ridgewood-Rd,-Unit-601,-Rock-Island,-IL-61201",125500.0,2022-07-05T00:00:00.000Z
104,"2313-E-26th-St,-Apt-9,-Erie,-PA-16510",,
105,"790-Boulder-Dr,-Bethel-Park,-PA-15102",,
106,"1729-Kent-St,-Los-Angeles,-CA-90026",1350000.0,2022-05-13T00:00:00.000Z
107,"11915-Kirkbriar-Dr,-Houston,-TX-77089",,2006-03-06T00:00:00.000Z
108,"1232-Westfield-Dr,-Maumee,-OH-43537",198000.0,2020-09-25T00:00:00.000Z
109,"10B-Idared-Ln,-Halfmoon,-NY-12065",,
110,"6822-26th-Ave-NE,-Seattle,-WA-98115",310495.0,2001-05-17T00:00:00.000Z
111,"2240-W-Broadway-Rd,-Ste-108,-Mesa,-AZ-85202",,
112,"3048-N-Bend-Rd,-Cincinnati,-OH-45239",,
113,"207-Midway-Ave,-Seaside-Park,-NJ-08752",565000.0,2005-11-16T00:00:00.000Z
114,"334-High-St,-Rock-Hill,-SC-29730",59900.0,2013-12-02T00:00:00.000Z
115,"98-Queensberry-St,-Apt-5,-Boston,-MA-02215",,
116,"4900-Schumacher-Rd,-High-Ridge,-MO-63049",,2016-12-20T00:00:00.000Z
117,"771-Tuggle-Hill-Rd,-Rogersville,-TN-37857",,
118,"766-Hydrangea-Dr,-Vacaville,-CA-95687",800000.0,2021-12-28T00:00:00.000Z
119,"1110-Mahogany-Way,-Apt-203,-Delray-Beach,-FL-33445",,
120,"6117-Calwood-Way,-Rockville,-MD-20852",950000.0,2013-06-20T00:00:00.000Z
121,"3465-Brownsville-Rd-Ext,-Finleyville,-PA-15332",,
122,"9999-Ranch-Rd,-Laurens,-SC-29360",,
123,"3347-Wiehle-St,-Philadelphia,-PA-19129",,
124,"307-S-Center-St,-Weimar,-TX-78962",,
125,"21-Eddings-Ln,-Alabaster,-AL-35007",1276600.0,2021-06-01T00:00:00.000Z
126,"807-Montgomery-Ave,-Phoenixville,-PA-19460",330000.0,2021-04-26T00:00:00.000Z
127,"563-Marshall-Ave,-Reading,-PA-19606",124900.0,2020-03-11T00:00:00.000Z
128,"4365-Blackhawk-Dr,-Willits,-CA-95490",81000.0,2015-05-28T00:00:00.000Z
129,"7515-Broadmoor-Cv,-Temple,-TX-76502",,2020-11-24T00:00:00.000Z
130,"1700-Carver-Ave,-Richmond,-TX-77469",,
131,"188-Railroad-St,-Apt-3,-Manville,-RI-02838",,
132,"1000-Kings-Hwy,-Unit-74,-Punta-Gorda,-FL-33980",124900.0,2021-11-12T00:00:00.000Z
133,"209-S-Prospect-Ave,-Apt-101,-Redondo-Beach,-CA-90277",,
134,"1022-Level-Creek-Rd,-Apt-207,-Sugar-Hill,-GA-30518",,
135,"9427-Kimmel-Ln,-Charlotte,-NC-28216",101000.0,2014-11-21T00:00:00.000Z
136,"1293-N-River-Rd,-Apt-122,-Denham-Springs,-LA-70726",,
137,"361-Wilson-Ave,-Lyndhurst,-NJ-07071",147500.0,1995-12-18T00:00:00.000Z
138,"1834-Santa-Fe,-Lewisville,-TX-75077",85000.0,1993-12-02T00:00:00.000Z
139,"3420-Donner-Trl,-Wake-Forest,-NC-27587",186000.0,2001-11-30T00:00:00.000Z
140,"1-Smeton-Pl,-Apt-102,-Towson,-MD-21204",140000.0,2020-05-13T00:00:00.000Z
141,"413-4th-St-E,-Jasper,-MN-56144",89900.0,2023-05-26T00:00:00.000Z
142,"3160-W-Shawn-Way,-Lot-547,-Ash-Fork,-AZ-86320",,
143,"PO-Box-1050,-Wrightsville-Beach,-NC-28480",,
144,"131-S-2460-W,-Hurricane,-UT-84737",,2007-04-30T00:00:00.000Z
145,"912-N-19th-St,-Mcallen,-TX-78501",,1996-11-25T00:00:00.000Z
146,"24217-Ne-136th-St,-Excelsior-Springs,-MO-64024",,
147,"850-Big-Five-Rd,-Spc-40,-Pahrump,-NV-89048",,
148,"1441-Sterns-Dr,-Leesburg,-FL-34748",,
149,"337-S-Prospect-St,-Marion,-OH-43302",50000.0,2023-02-27T00:00:00.000Z
150,"1827-Red-Elm,-San-Antonio,-TX-78227",,2022-06-01T00:00:00.000Z
151,"5-Vickilee-Dr,-Wrightsville,-PA-17368",210000.0,2021-01-25T00:00:00.000Z
152,"668-Lpga-Blvd,-Apt-1203,-Daytona-Beach,-FL-32117",,
153,"125-N-Saxony-Dr,-Olathe,-KS-66061",,
154,"County-4470-Rd,-Lot-1,-Ozone,-AR-72854",,
155,"1160-Se-40th-Ave,-Hillsboro,-OR-97123",60500.0,1987-07-01T00:00:00.000Z
156,"12313-Foxmoor-Peak-Dr,-Riverview,-FL-33579",110000.0,2017-05-08T00:00:00.000Z
157,"PO-Box-2471,-Columbia,-SC-29202",,
158,"11911-Wake-Bluff-Dr,-Raleigh,-NC-27614",725500.0,2008-07-29T00:00:00.000Z
159,"4065-E-Erie-St,-Unit-102,-Gilbert,-AZ-85295",345000.0,2021-06-29T00:00:00.000Z
160,"22262-Buffalo-Ave,-Port-Charlotte,-FL-33952",210000.0,2017-05-15T00:00:00.000Z
161,"728-Ocean-Ave,-Monterey,-CA-93940",,
162,"106-Sugarcreek-Ct,-Grovetown,-GA-30813",410000.0,2008-10-07T00:00:00.000Z
163,"361-17th-St-NW,-Unit-1016,-Atlanta,-GA-30363",,
164,"221-W-Vine-St,-Bartow,-FL-33830",99200.0,2019-11-19T00:00:00.000Z
165,"3569-E-Portland-Ave,-Tacoma,-WA-98404",,
166,"3130-Mangum-Rd,-Apt-39,-Houston,-TX-77092",,
167,"26350-Cat-Tail-Dr,-Unit-203,-Galveston,-TX-77554",235000.0,2008-01-10T00:00:00.000Z
168,"10512-Woodstock-Rd,-Odessa,-FL-33556",175000.0,2013-06-20T00:00:00.000Z
169,"520-Sandra-Dr,-Oxford,-OH-45056",97000.0,1990-08-21T00:00:00.000Z
170,"1697-Village-Ave,-Garnet-Valley,-PA-19060",381452.0,2007-12-12T00:00:00.000Z
171,"12389-Wade-St,-Detroit,-MI-48213",6500.0,2016-01-07T00:00:00.000Z
172,"3713-W-56th-Pl,-Chicago,-IL-60629",137000.0,2000-07-24T00:00:00.000Z
173,"14601-Keystone-Ave,-Apt-C1,-Midlothian,-IL-60445",37500.0,2010-08-09T00:00:00.000Z
174,"8413-S-20th-St,-Phoenix,-AZ-85042",160000.0,2008-05-05T00:00:00.000Z
175,"1500-Speight-Ave-Apt-C,-Waco,-TX-76706",,
176,"38-Pheasant-Run,-Old-Tappan,-NJ-07675",,
177,"131-N-Grant-Ave,-Apt-1,-American-Fork,-UT-84003",,
178,"10-Mira-Loma,-New-Braunfels,-TX-78130",,2017-07-17T00:00:00.000Z
179,"2861-Thaxton-Dr,-Apt-48,-Palm-Harbor,-FL-34684",72000.0,1995-09-27T00:00:00.000Z
180,"4120-W-Cullerton-St,-Chicago,-IL-60623",56500.0,2019-02-13T00:00:00.000Z
181,"11625-W-Atlantic-Blvd,-Apt-36,-Coral-Springs,-FL-33071",,
182,"3403-N-Garrison-St,-Tampa,-FL-33619",235000.0,2020-10-29T00:00:00.000Z
183,"23W255-Woodcroft-Dr,-Glen-Ellyn,-IL-60137",,
184,"6940-Harding-Ave,-Apt-4,-Miami-Beach,-FL-33141",,
185,"366-S-Saint-Clair-St,-Painesville,-OH-44077",,
186,"29141-Us-Hwy,-19-N-Unit-80,-Clearwater,-FL-33761",,
187,"163-Westpoint-Dr,---170,-Carlisle,-PA-17013",,
188,"1718-E-Primera-Dr,-Casa-Grande,-AZ-85122",140650.0,2012-08-24T00:00:00.000Z
189,"1203-Se-53rd-Ave,-Portland,-OR-97215",125000.0,1996-09-01T00:00:00.000Z
190,"1470-Swamp-Ln,-Geneva,-FL-32732",6000.0,2016-11-28T00:00:00.000Z
191,"920-Kinderkamack-Rd,-Apt-Rear,-River-Edge,-NJ-07661",,
192,"5882-Sir-Edward-Ln,-Florissant,-MO-63033",,
193,"4232-W-Stiles-St,-Philadelphia,-PA-19104",,
194,"763-Peavy-Rd,-Dallas,-TX-75218",,2020-08-11T00:00:00.000Z
195,"8306-Sw-59th-Ter,-Ocala,-FL-34476",359990.0,2021-11-23T00:00:00.000Z
196,"414-E-Pine-St,-Apt-212,-Orlando,-FL-32801",,
197,"637-Preston-St,-Columbus,-TX-78934",,2014-12-30T00:00:00.000Z
198,"3207-Merrick-Dr,-Peachtree-City,-GA-30269",,
199,"640-N-Park-Ave,-Apt-29,-Winter-Park,-FL-32789",165400.0,2018-05-11T00:00:00.000Z
200,"PO-Box-293,-Surfside,-CA-90743",,
201,"3893-Big-Mountain-Eagle-302-Rd,-Unit-Morning,-Whitefish,-MT-59937",,
202,"3400-Stevenson-Blvd,-Apt-B32,-Fremont,-CA-94538",,
203,"21-Woodlee-Rd,-Apt-206,-Staunton,-VA-24401",,
204,"950-Allen-Ave,-Donora,-PA-15033",,
205,"5205-Allen-St,-Unit-G,-Houston,-TX-77007",,2022-04-19T00:00:00.000Z
206,"2278-Baldwin-Mill-Rd,-Fallston,-MD-21047",45000.0,1991-08-28T00:00:00.000Z
207,"214-Election-St,-Benton,-IL-62812",,
208,"10796-Sw-24th-St,-Miami,-FL-33165",,
209,"6101-W-Business-83,-Lot-57,-Harlingen,-TX-78552",,
210,"20112-10th-Dr-SE,-Bothell,-WA-98012",343184.0,2012-04-26T00:00:00.000Z
211,"250-Martins-Lndg,-Apt-110,-North-Reading,-MA-01864",,
212,"18959-E-Montana-Dr,-Aurora,-CO-80017",,
213,"34-Northport-Ave,-Belfast,-ME-04915",,
214,"Sparks-Mill-At-Rt-213-N-Church-Hill-Rd,-Centreville,-MD-21617",,
215,"51-Walnut-St,-Apt-3,-Waterbury,-CT-06702",,
216,"1333-Heulu-St,-Apt-903,-Honolulu,-HI-96822",,
217,"12526-S-Lowe-Ave,-Chicago,-IL-60628",,
218,"7748-Danube-St,-Indianapolis,-IN-46239",,2016-11-07T00:00:00.000Z
219,"454-Randolph-St-NW,-Washington,-DC-20011",975454.0,2020-12-14T00:00:00.000Z
220,"3073-Bayshore-Dr,-Tallahassee,-FL-32309",,
221,"43531-Acacia-Ave,-Spc-9,-Hemet,-CA-92544",,
222,"3913-Roan-Ct-W,-West-Palm-Beach,-FL-33403",,
223,"1313-Robinhood-Rd,-Wilmington,-NC-28401",,
224,"6991-Raburn-Rd,-Pensacola,-FL-32526",160000.0,2018-11-26T00:00:00.000Z
225,"316-Reed-Rd,-New-Market,-AL-35761",,
226,"836-Belmont-St,-Watertown,-MA-02472",183000.0,1992-02-05T00:00:00.000Z
227,"PO-Box-5109,-Anaheim,-CA-92814",,
228,"123-Stoneybrook-Rd,---B,-Salisbury,-NC-28147",,
229,"2905-Mitchellville-Rd,-Ste-102,-Bowie,-MD-20716",,
230,"332-Wilson-Way,-Chowchilla,-CA-93610",102500.0,2005-03-01T00:00:00.000Z
231,"1115-Cordova-St,-Apt-117,-Pasadena,-CA-91106",,
232,"796-Mckee-Rd,-Harvest,-AL-35749",,
233,"11840-Calabash-Ave,-Fontana,-CA-92337",121000.0,1994-07-20T00:00:00.000Z
234,"1703-Sw-101st-Way,-Miramar,-FL-33025",,
235,"8019-Hayes-St-NE,-Minneapolis,-MN-55432",235000.0,2015-11-12T00:00:00.000Z
236,"45546-Aladdin-St,-Apt-D104,-Indio,-CA-92201",30000.0,2015-03-20T00:00:00.000Z
237,"1476-Goodfellow-Blvd,-Saint-Louis,-MO-63112",,
238,"3221-Winding-Rd,-Partlow,-VA-22534",,
239,"240-E-47th-St,-Apt-17B,-New-York,-NY-10017",,
240,"106-E-Monroe-St,-Pauls-Valley,-OK-73075",,
241,"1037-Bethany-Church-Rd,-Winston-Salem,-NC-27107",120000.0,2015-04-20T00:00:00.000Z
242,"201-E-27th-St,-Long-Beach-Township,-NJ-08008",1685000.0,2014-07-11T00:00:00.000Z
243,"1160-Great-River-Pkwy-SE,-Lawrenceville,-GA-30045",365000.0,2021-01-19T00:00:00.000Z
244,"8950-Timothy-Ct,-Orland-Park,-IL-60462",328000.0,2008-09-03T00:00:00.000Z
245,"1027-Sw-28th-St,-Oklahoma-City,-OK-73109",17500.0,2011-07-11T00:00:00.000Z
246,"2008-Julia-Ave,-Henderson,-NC-27536",2500.0,1991-12-16T00:00:00.000Z
247,"3675-Chimney-Ridge-Ct,-Ellenwood,-GA-30294",118700.0,2005-03-14T00:00:00.000Z
248,"29-Quaker-Rd,-Pennsville,-NJ-08070",95000.0,1991-07-30T00:00:00.000Z
249,"11255-Fairford-Ave,-Norwalk,-CA-90650",155000.0,1991-10-08T00:00:00.000Z
250,"8217-Aylesbury-Ave,-Las-Vegas,-NV-89129",125467.0,2009-12-31T00:00:00.000Z
251,"22W517-Parkview-Dr,-Glen-Ellyn,-IL-60137",230000.0,1995-06-29T00:00:00.000Z
252,"4286-Mary-Ridge-Dr,-Randallstown,-MD-21133",144500.0,1995-12-11T00:00:00.000Z
253,"1141-Norton-Dr,-Far-Rockaway,-NY-11691",473000.0,2004-04-13T00:00:00.000Z
254,"3725-W-Nancy-Ln,-Phoenix,-AZ-85041",280000.0,2020-05-13T00:00:00.000Z
255,"3490-Trophy-Lake-Pl,-Pagosa-Springs,-CO-81147",,
256,"477-Madeline-Dr,-Pasadena,-CA-91105",,
257,"21531-E-Aberdeen-Dr,-Centennial,-CO-80015",317000.0,2020-09-01T00:00:00.000Z
258,"5637-Ridgewood-St,-Philadelphia,-PA-19143",,
259,"17806-N-134th-Dr,-Sun-City-West,-AZ-85375",235000.0,2019-03-29T00:00:00.000Z
260,"82-S-Broadway,-Frostburg,-MD-21532",115500.0,2020-08-13T00:00:00.000Z
261,"1255-N-Arizona-Ave,-Unit-1114,-Chandler,-AZ-85225",330755.0,2021-07-23T00:00:00.000Z
262,"805-Parkland-Pl,-Glen-Allen,-VA-23059",275000.0,2008-06-13T00:00:00.000Z
263,"836-85th-St,-Miami-Beach,-FL-33141",452000.0,2005-09-12T00:00:00.000Z
264,"5945-W-Parker-Rd,-Apt-2238,-Plano,-TX-75093",,
265,"4400-Spring-Harbor-Dr,-Millington,-TN-38053",149900.0,2020-11-10T00:00:00.000Z
266,"1217-S-Gertruda-Ave,-Redondo-Beach,-CA-90277",,
267,"17609-Fox-Ct,-Weed,-CA-96094",129000.0,2012-02-16T00:00:00.000Z
268,"3440-Highway,-111,-Anacoco,-LA-71403",,
269,"1413-Hunningdon-Woods-Blvd,-Chesapeake,-VA-23320",202500.0,2003-01-02T00:00:00.000Z
270,"708-S-Benton-St,-Cape-Girardeau,-MO-63703",,2010-03-25T00:00:00.000Z
271,"211-Simsbury-Ln,-Forest,-VA-24551",174000.0,2018-06-08T00:00:00.000Z
272,"109-Lindsey-Ct,-Franklin-Park,-NJ-08823",,
273,"2517-Pineapple-Ave,-Melbourne,-FL-32935",513000.0,2020-04-01T00:00:00.000Z
274,"9514-Pondside-Ln,-Charlotte,-NC-28213",135000.0,2007-07-09T00:00:00.000Z
275,"2991-Marshfield-Preserve-Way,-Kissimmee,-FL-34746",,
276,"2414-1-2-E-10th-St,-Indianapolis,-IN-46201",,
277,"4342-S-Saint-Louis-Ave,-Chicago,-IL-60632",130000.0,2018-03-13T00:00:00.000Z
278,"2323-Southern-Oak-Dr,-Apt-2078,-Arlington,-TX-76011",,
279,"7817-Opal-Dr,-Chattanooga,-TN-37416",,
280,"3736-N-Beehive-St,-Coeur-D-Alene,-ID-83815",,2017-09-06T00:00:00.000Z
281,"20-Walts-Hl,-Bloomfield,-CT-06002",230000.0,2000-09-01T00:00:00.000Z
282,"1181-60th-Ave,-Oakland,-CA-94621",80000.0,2011-12-15T00:00:00.000Z
283,"PO-Box-279,-Elrama,-PA-15038",,
284,"1100-N-Washington-Ave-Apt-J,-Douglas,-AZ-85607",,
285,"1100-W-81st-Pl,-Los-Angeles,-CA-90044",293500.0,2014-03-18T00:00:00.000Z
286,"13-Milford-Ln,-Glen-Cove,-NY-11542",565000.0,2015-12-02T00:00:00.000Z
287,"1601-Ponderosa-Dr,-Jefferson-City,-TN-37725",,
288,"34455-Hazelwood-St,-Westland,-MI-48186",215000.0,2022-06-08T00:00:00.000Z
289,"4643-Chetwood-Ln-SW,-Albuquerque,-NM-87105",,
290,"6909-Juniper-Rd,-Little-Rock,-AR-72209",270000.0,2016-06-29T00:00:00.000Z
291,"4138-Gregory-St,-Oakland,-CA-94619",1035000.0,2016-11-30T00:00:00.000Z
292,"147-Westmoreland-Rd,-Whitesboro,-NY-13492",154500.0,2011-10-14T00:00:00.000Z
293,"2130-Park-Vlg,-Denison,-TX-75020",,2004-04-28T00:00:00.000Z
294,"1372-Carey-Glen-Cir,-Orlando,-FL-32824",180000.0,2016-04-18T00:00:00.000Z
295,"21910-Cypress-Dr,-Apt-36L,-Boca-Raton,-FL-33433",,
296,"1864-E-Rosewood-Ct,-Apt-D,-Ontario,-CA-91764",,
297,"305-Marilyn-Glover-Dr,-Elgin,-OK-73538",,
298,"1301-Hillbrow-Ln,-Apt-204,-Raleigh,-NC-27615",94500.0,2002-07-31T00:00:00.000Z
299,"214-Bonnavue-Dr,-Hermitage,-TN-37076",160000.0,2015-06-03T00:00:00.000Z
300,"267-Panorama-Trl,-Rochester,-NY-14625",,
301,"1245-Wild-Hawthorn-Way,-Reston,-VA-20194",515000.0,2015-11-02T00:00:00.000Z
302,"4846-Lago-Vista-Cir,-Land-O-Lakes,-FL-34639",463158.0,2013-12-10T00:00:00.000Z
303,"411-Jasmine-Ave-Apt-B,-Corona-Del-Mar,-CA-92625",,
304,"126-New-Britain-Ave,-Apt-D2,-Plainville,-CT-06062",,
305,"2008-De-Verne-St,-Austin,-TX-78704",,2003-07-29T00:00:00.000Z
306,"270-Wallabout-St,-Apt-5B,-Brooklyn,-NY-11206",285000.0,2006-06-15T00:00:00.000Z
307,"2302-N-36th-St,-Apt-10,-Phoenix,-AZ-85008",,
308,"16313-Braeburn-Ridge-Trl,-Delray-Beach,-FL-33446",500000.0,2020-02-27T00:00:00.000Z
309,"4224-S-Nucla-Way,-Aurora,-CO-80013",,
310,"1711-Melrose-Ave,-Irwin,-PA-15642",202000.0,2020-10-15T00:00:00.000Z
311,"3834-Landon-Park-Dr,-Katy,-TX-77449",,2009-08-13T00:00:00.000Z
312,"107-Penny-Dr,-Athens,-GA-30605",9173019.0,2021-08-24T00:00:00.000Z
313,"4519-N-Village-Pkwy,-Litchfield-Park,-AZ-85340",200000.0,2019-10-07T00:00:00.000Z
314,"895-Edgewater-Blvd,-Tahlequah,-OK-74464",,
315,"2924-Arbusto,-Grand-Prairie,-TX-75054",,2016-05-25T00:00:00.000Z
316,"6526-Cereus-Ct,-Laredo,-TX-78043",,2002-10-16T00:00:00.000Z
317,"804-Arbor-Hill-Cir,-Minneola,-FL-34715",94000.0,2010-10-06T00:00:00.000Z
318,"10-Sampson-Ave,-Edgartown,-MA-02539",,
319,"W335S5050-Fox-Hollow-Dr,-Dousman,-WI-53118",,
320,"7501-Pond-View-Ct,-Tampa,-FL-33615",56600.0,1999-01-13T00:00:00.000Z
321,"3202-Morganford-Rd,-Saint-Louis,-MO-63116",,
322,"107-S-Smallwood-Pl,-Charlotte,-NC-28208",114000.0,2013-09-25T00:00:00.000Z
323,"419-Morris-Ave-SE,-Grand-Rapids,-MI-49503",470000.0,2015-06-18T00:00:00.000Z
324,"10415-Hyannisport-Loop,-San-Antonio,-FL-33576",244000.0,2017-02-02T00:00:00.000Z
325,"235-Old-Bethel-Church-Rd,-Winchester,-VA-22603",,
326,"1221-W-Butler-Dr,-Chandler,-AZ-85224",,
327,"10-Lexington-Ave,-Cranford,-NJ-07016",289000.0,2013-10-30T00:00:00.000Z
328,"37220-Neukom-Ave,-Zephyrhills,-FL-33541",204900.0,2017-07-18T00:00:00.000Z
329,"8000-W-Broward-Blvd,-Ste-719,-Plantation,-FL-33388",,
330,"6041-E-Freshman-Dr,-Saginaw,-MI-48604",,
331,"Harold-Cemetery-Rd,-Greeneville,-TN-37745",,
332,"881-Lincoln-Rd,-Grosse-Pointe,-MI-48230",295500.0,2020-08-31T00:00:00.000Z
333,"6808-Stratford-Ct,-Saint-Paul,-MN-55125",278000.0,2016-06-30T00:00:00.000Z
334,"805-Thackeray-Trl,-Oconomowoc,-WI-53066",150000.0,1998-09-09T00:00:00.000Z
335,"5219-Byers-Rd,-Alpharetta,-GA-30022",,
336,"334-Huntcliff-Village-Ct,-Atlanta,-GA-30350",,
337,"2912-Elkmont-Ct,-Little-Rock,-AR-72204",70000.0,1999-05-20T00:00:00.000Z
338,"1029-Nevada-Sky-St,-Las-Vegas,-NV-89128",295000.0,2023-02-16T00:00:00.000Z
339,"720-N-Eureka-St,-Redlands,-CA-92374",,
340,"13001-116th-Ln,-Largo,-FL-33778",200000.0,2009-12-07T00:00:00.000Z
341,"611-E-Fairmeadows-Dr,-Duncanville,-TX-75116",,2006-06-01T00:00:00.000Z
342,"406-Sw-15th-Pl,-Cape-Coral,-FL-33991",,
343,"2600-N-2700-W,-Plain-City,-UT-84404",,
344,"3145-Red-Oak-Trl,-Decatur,-GA-30034",181000.0,2002-11-19T00:00:00.000Z
345,"1315-Henley-St,-Apt-1006,-Naples,-FL-34105",,
346,"2196-Chandlers-Walk-Ln,-Jacksonville,-FL-32246",259000.0,2014-08-04T00:00:00.000Z
347,"35348-Barton-Dr,-Zephyrhills,-FL-33541",73100.0,2016-01-15T00:00:00.000Z
348,"2824-Longleaf-Ct,-Kissimmee,-FL-34746",269999.0,2016-10-11T00:00:00.000Z
349,"638-N-Orange-Dr,-Los-Angeles,-CA-90036",,
350,"1590-Sw-Falmouth-Ave,-Port-Saint-Lucie,-FL-34953",,
351,"County-Rds---H-And-Road-30-Rd,-Brush,-CO-80723",,
352,"1901-Lakeshore-Cir,-Longwood,-FL-32750",297000.0,2004-06-30T00:00:00.000Z
353,"1609-W-Schunior-St,-Apt-1406,-Edinburg,-TX-78541",,
354,"2022-Edgewood-Dr,-Bridgeport,-TX-76426",,2007-01-09T00:00:00.000Z
355,"4980-Community-Cir,-Milton,-FL-32583",,
356,"239-Fowler-Cir,-Dobson,-NC-27017",,
357,"502-Crater-Lake-Dr,-League-City,-TX-77573",,2020-08-18T00:00:00.000Z
358,"63-Maplecrest-Cir,-Jupiter,-FL-33458",340000.0,2023-05-26T00:00:00.000Z
359,"655-N-Santa-Fe-Dr,-Unit-317,-Denver,-CO-80204",,
360,"6707-Utsa-Blvd,-Apt-4402,-San-Antonio,-TX-78249",,
361,"6428-W-Locust-St,-Milwaukee,-WI-53210",147900.0,2012-04-25T00:00:00.000Z
362,"275-114th-Ave-N,-Unit-6,-Saint-Petersburg,-FL-33716",41900.0,1983-12-01T00:00:00.000Z
363,"251-Birch-Ln,-Lakeland,-FL-33813",193500.0,2004-10-20T00:00:00.000Z
364,"5885-Ledro-Ln,-Myrtle-Beach,-SC-29577",404120.0,2020-01-16T00:00:00.000Z
365,"183-Jerusalem-Rd,-Cohasset,-MA-02025",,
366,"301-Arbor-Ct,-Bolingbrook,-IL-60440",155000.0,2021-12-15T17:00:00.000Z
367,"325-Marche-Chase-Dr,-Apt-139,-Eugene,-OR-97401",,
368,"120-N-Everett-High-Rd,-Maryville,-TN-37804",,
369,"1352-27th-St-NW,-Washington,-DC-20007",,
370,"21185-County-Rd,-81-NW,-Big-Lake,-MN-55309",169900.0,2015-05-22T00:00:00.000Z
371,"750-Noonan-Rd,-York,-PA-17404",74900.0,2005-01-10T00:00:00.000Z
372,"45658-Ford-Rd,-Canton,-MI-48187",,
373,"PO-Box-554,-Fruitland-Park,-FL-34731",,
374,"7213-Idylwood-Ct,-Falls-Church,-VA-22043",122500.0,1979-10-10T00:00:00.000Z
375,"8100-W-Oakton-St,-Apt-203,-Niles,-IL-60714",,
376,"706-Yarmouth-Ct,-San-Diego,-CA-92109",1850000.0,2020-02-28T00:00:00.000Z
377,"513-1st-Ave,-New-Bern,-NC-28560",4000.0,2013-04-16T00:00:00.000Z
378,"4607-Westgarden-Pl,-Katy,-TX-77449",,2019-08-19T00:00:00.000Z
379,"8123-Merryvale-Ln,-Charlotte,-NC-28214",391500.0,2022-11-08T00:00:00.000Z
380,"7811-Amber-Ct,-Texas-City,-TX-77591",,2020-05-19T00:00:00.000Z
381,"3201-Wendover-Rd,-Dallas,-TX-75214",,2012-09-19T00:00:00.000Z
382,"109-N-Main-St,-Apt-1203,-Memphis,-TN-38103",119900.0,2006-12-20T00:00:00.000Z
383,"231-26th-Ave-E,-Apt-208,-Seattle,-WA-98112",,
384,"7036-S-Winchester-Ave,-Chicago,-IL-60636",,
385,"7401-Plumosa-Ln,-Fort-Pierce,-FL-34951",,
386,"23-Black-Bear-Rd,-Unit-509,-Waterville-Valley,-NH-03215",,
387,"3015-Cielo-Ct,-Santa-Fe,-NM-87507",,
388,"112-Church-St,-Ste-J,-Elkin,-NC-28621",,
389,"1541-Mcclaren-Dr,-Carmichael,-CA-95608",,
390,"42-Park-St,-East-Millinocket,-ME-04430",,
391,"521-Oakside-Pl,-Acworth,-GA-30102",129000.0,2009-08-20T00:00:00.000Z
392,"4650-Centauri-Rd,-Colorado-Springs,-CO-80919",250000.0,2001-03-21T00:00:00.000Z
393,"13031-Iris-Garden-Ln,-Houston,-TX-77044",,2013-09-04T00:00:00.000Z
394,"1735-Dynasty-Cir,-Glenn-Heights,-TX-75154",,2017-12-04T00:00:00.000Z
395,"1422-Todville-Rd,-Seabrook,-TX-77586",,2020-11-18T00:00:00.000Z
396,"3709-Venable-Ave,-Charleston,-WV-25304",,
397,"3111-Fairlanes-Blvd,-Apt-144,-Borger,-TX-79007",,
398,"6809-Midnight-Sun-Dr,-Maineville,-OH-45039",134900.0,2017-04-05T00:00:00.000Z
399,"16565-Vanowen-St,-Apt-101,-Van-Nuys,-CA-91406",,
400,"1525-Topping-Ave,-Kansas-City,-MO-64126",,1998-09-09T00:00:00.000Z
401,"710-Dove-Creek-Trl,-Southlake,-TX-76092",,2012-07-16T00:00:00.000Z
402,"131G-Taylor-Ave,-Unit-1,-Plymouth,-MA-02360",,
403,"904-Arnett-Dr,-Newport-News,-VA-23608",,
404,"143-Ranger-Rd,-Wells,-NY-12190",,
405,"6831-Lillian-Ln,-Eden-Prairie,-MN-55346",900000.0,2019-04-16T00:00:00.000Z
406,"11-Tillie-St,-Bay-Shore,-NY-11706",362500.0,2005-05-10T00:00:00.000Z
407,"9168-Maple-Grove-Dr,-Summerville,-SC-29485",105000.0,2015-04-28T00:00:00.000Z
408,"413-Brian-Dr,-Tallmadge,-OH-44278",,
409,"423-Dennison-Dr,-West-Mifflin,-PA-15122",,
410,"6847-Canyonpoint-Rd,-Castle-Rock,-CO-80108",,
411,"202-Bradford,-San-Antonio,-TX-78228",,2019-01-09T00:00:00.000Z
412,"214-S-9th-St,-Hamilton,-OH-45011",,
413,"3800-W-Irving-Park-Rd,-Unit-2E,-Chicago,-IL-60618",,
414,"2912-Millie-Ave,-Las-Vegas,-NV-89101",224500.0,2020-07-06T00:00:00.000Z
415,"117-John-St,-Hagerstown,-MD-21740",46000.0,1999-07-14T00:00:00.000Z
416,"40-Southwick-Dr,-Bedford,-OH-44146",94000.0,2005-04-19T00:00:00.000Z
417,"1094-Avondale-Rd,-South,-Euclid,-OH-44121",,
418,"427-National-Union-Blvd,-Tuckerton,-NJ-08087",245000.0,2021-09-13T00:00:00.000Z
419,"2669-Griffin-Ave,-Apt-103,-Los-Angeles,-CA-90031",,
420,"2016-Broderick-Ave,-Duarte,-CA-91010",,
421,"11278-Cedar-Beach-Dr-NW,-Oronoco,-MN-55960",495500.0,2021-07-21T00:00:00.000Z
422,"442-Hillabee-Dr,-Montgomery,-AL-36117",190000.0,2016-04-12T00:00:00.000Z
423,"2400-Parkland-Dr-NE,-Unit-369,-Atlanta,-GA-30324",,
424,"78-E-Crystal-Canyon-Cir,-Spring,-TX-77389",,2021-07-09T00:00:00.000Z
425,"526-Adams-St,-Owosso,-MI-48867",53650.0,2012-05-07T00:00:00.000Z
426,"4217-W-76th-St,-Apt-301,-Chicago,-IL-60652",151000.0,2020-12-07T00:00:00.000Z
427,"3242-Utica-St,-Denver,-CO-80212",360900.0,2019-12-02T00:00:00.000Z
428,"6210-Presidential-Ln,-Unit-143,-Sacramento,-CA-95828",,
429,"13401-Legendary-Dr,-Apt-5108,-Austin,-TX-78727",,
430,"288-Kent-Rd,-Upper-Darby,-PA-19082",,
431,"612-Camino-Dr,-Mesquite,-TX-75149",,2020-03-18T00:00:00.000Z
432,"1234-Sweet-Gum-Dr,-Brandon,-FL-33511",116000.0,2013-09-19T00:00:00.000Z
433,"14447-Austin-Creek-Ave,-Bakersfield,-CA-93314",430000.0,2014-03-21T00:00:00.000Z
434,"3440-E-Berkshire-Ct,-Unit-C,-Orange,-CA-92869",349000.0,2011-07-27T00:00:00.000Z
435,"17770-Seidner-Ave,-Escalon,-CA-95320",,
436,"2159-State-Rte,-131,-Batavia,-OH-45103",,
437,"3306-Pepperhill-Rd,-Lexington,-KY-40502",,
438,"2547-Sandy-Lake-Dr,-Friendswood,-TX-77546",,2022-05-10T00:00:00.000Z
439,"9814-N-2nd-Pl,-Phoenix,-AZ-85020",287335.0,2020-10-21T00:00:00.000Z
440,"19183-Robson-St,-Detroit,-MI-48235",2489.0,2022-06-24T00:00:00.000Z
441,"653-Lindell-Ave,-Apt-1,-Louisville,-KY-40211",,
442,"2321-Old-Greenville-Hwy,-Pendleton,-SC-29670",,
443,"295-Seven-Farms-Dr,-Ste-201,-Daniel-Island,-SC-29492",,
444,"914-Taxus-Dr,-Apt-103,-Odenton,-MD-21113",,
445,"310-Jennie-Ave,-Oxford,-MS-38655",,
446,"180-Fairway-Dr,-Abingdon,-VA-24211",250000.0,2016-08-23T00:00:00.000Z
447,"6520-Fairlawn-Dr,-Frisco,-TX-75035",,2015-07-01T00:00:00.000Z
448,"690-Lake-16-Dr,-Allegan,-MI-49010",,
449,"4346-Middlebrook-Rd,-Orlando,-FL-32811",52900.0,1994-06-24T00:00:00.000Z
450,"3964-Pomodoro-Cir,-Unit-104,-Cape-Coral,-FL-33909",120000.0,2018-12-07T00:00:00.000Z
451,"101-Eagle-Trace-Ct,-Panama-City-Beach,-FL-32413",437500.0,2023-03-28T00:00:00.000Z
452,"5438-E-20th-Pl,-Indianapolis,-IN-46218",,2019-05-21T00:00:00.000Z
453,"2332-Cerberus-Dr,-San-Antonio,-TX-78245",,2020-04-27T00:00:00.000Z
454,"7529-Southridge-Ln,-Savage,-MN-55378",239500.0,2022-06-28T00:00:00.000Z
455,"1006-Knollwood-Dr,-Birmingham,-AL-35242",425000.0,2007-09-18T00:00:00.000Z
456,"1130-Mountainbrook-Dr,-Shreveport,-LA-71118",199900.0,2022-01-18T00:00:00.000Z
457,"10111-Palo-Alto-St,-Rancho-Cucamonga,-CA-91730",4200.0,1980-01-30T00:00:00.000Z
458,"1-Ardley-Ln,-Bella-Vista,-AR-72714",,
459,"228-Ollie-Miller-Rd,-Jasper,-AL-35504",,
460,"83-Barrett-Ave,-Worcester,-MA-01605",290000.0,2004-05-26T00:00:00.000Z
461,"390-Harrison-Ave,-Apt-821,-Boston,-MA-02118",,
462,"PO-Box-482,-Gloucester-Point,-VA-23062",,
463,"27128-E-Lana-Ln,-Conroe,-TX-77385",,2017-05-31T00:00:00.000Z
464,"27-Kensington-Dr,-Mount-Holly,-NJ-08060",,
465,"3513-Roller-Xing,-Austin,-TX-78728",,2014-10-31T00:00:00.000Z
466,"2584-Panola-Rd,-Lithonia,-GA-30058",,
467,"2251-Forest-St,-Denver,-CO-80207",650000.0,2013-07-05T00:00:00.000Z
468,"2211-Butte-Pl,-Davis,-CA-95616",,
469,"2017-Warfield-Ave---B,-Redondo-Beach,-CA-90278",,
470,"179-Mahaffey-Dr,-Richmond-Hill,-GA-31324",161000.0,1997-04-01T00:00:00.000Z
471,"2101-Sw-Sunset-Blvd,-Apt-A112,-Renton,-WA-98057",,
472,"890-Old-Rocky-Rd,-Atlanta,-GA-30349",130000.0,2020-06-26T00:00:00.000Z
473,"640-W-Caladium-Cir,---B,-Panama-City-Beach,-FL-32413",60000.0,2011-09-27T00:00:00.000Z
474,"502-E-Chapman-Ave,-Fullerton,-CA-92832",262500.0,2013-08-30T00:00:00.000Z
475,"8-Serpentine-Rd,-Ringwood,-NJ-07456",,
476,"224-Bay-48th-St,-Brooklyn,-NY-11214",128000.0,1995-05-03T00:00:00.000Z
477,"7033-S-2980-W,-West-Jordan,-UT-84084",,2020-11-04T00:00:00.000Z
478,"8422-Ne-Knott-St,-Unit-B,-Portland,-OR-97220",,
479,"782-Bristol-Way,-Lithonia,-GA-30058",,
480,"136-Burns-Rd,-Spartanburg,-SC-29307",84750.0,2021-05-18T00:00:00.000Z
481,"2025-Sterling-Gate-Dr,-Heartland,-TX-75126",,2012-02-15T00:00:00.000Z
482,"5814-Maylandia-Rd,-Charlotte,-NC-28269",389000.0,2021-12-08T00:00:00.000Z
483,"8960-Sw-Hwy,-200-Ste-4,-Ocala,-FL-34481",,
484,"813-Sw-2nd-St,-Cape-Coral,-FL-33991",,
485,"2421-Lake-Kismet-Ter,-Cape-Coral,-FL-33993",75000.0,2020-01-23T00:00:00.000Z
486,"6-Teenia-St,-Thomasville,-NC-27360",74500.0,1994-01-01T00:00:00.000Z
487,"Cherokee-Dr,-Salida,-CO-81201",,
488,"7220-Lake-Hill-Trl,-Sachse,-TX-75048",,2019-03-19T00:00:00.000Z
489,"520-N-New-Jersey-St,-Indianapolis,-IN-46204",,
490,"1822-21st-St,-Apt-C,-Santa-Monica,-CA-90404",,
491,"1821-65th-St,-Kenosha,-WI-53143",,
492,"193-N-5th-St,-Apt-1,-San-Jose,-CA-95112",,
493,"3020-Westminster-Dr,-Dallas,-TX-75234",,2016-05-20T00:00:00.000Z
494,"4937-Sw-Nevada-Ct,-Portland,-OR-97219",,
495,"101-Brown-Dr,-Warner-Robins,-GA-31093",,
496,"4957-Katella-Ave-Ste-B,-Cypress,-CA-90720",,
497,"2017-Dorchester-Rd,-Oklahoma-City,-OK-73130",138000.0,2008-03-05T00:00:00.000Z
498,"29-Glenwood-Ave,-Cambridge,-MA-02139",,
499,"494-Bridgeport-Ave-NW,-Palm-Bay,-FL-32907",250000.0,2022-07-01T00:00:00.000Z
